"flowObject","value","unit"
" Refined Petroleum","0.06465861946344376","tonne"
" Refined Petroleum","0.1382231414318085","tonne"
" Refined Petroleum","0.1541115045547485","tonne"
" Refined Petroleum","0.4535883963108063","tonne"
" Refined Petroleum","1.045297503471375","tonne"
" Refined Petroleum","1.718105316162109","tonne"
" Refined Petroleum","1.937633872032166","tonne"
" Refined Petroleum","11.46574115753174","tonne"
" Refined Petroleum","115.7239379882812","tonne"
" Refined Petroleum","1158.668090820312","tonne"
" Refined Petroleum","12.83160209655762","tonne"
" Refined Petroleum","134.6994781494141","tonne"
" Refined Petroleum","1347.888427734375","tonne"
" Refined Petroleum","14.83396816253662","tonne"
" Refined Petroleum","14.96358108520508","tonne"
" Refined Petroleum","146.4250793457031","tonne"
" Refined Petroleum","19437.890625","tonne"
" Refined Petroleum","2.660549163818359","tonne"
" Refined Petroleum","20871.41015625","tonne"
" Refined Petroleum","22693.275390625","tonne"
" Refined Petroleum","228.5469055175781","tonne"
" Refined Petroleum","268.3283081054688","tonne"
" Refined Petroleum","3253.3623046875","tonne"
" Refined Petroleum","3269.999755859375","tonne"
" Refined Petroleum","3611.04248046875","tonne"
" Refined Petroleum","3801.501220703125","tonne"
" Refined Petroleum","392.2430114746094","tonne"
" Refined Petroleum","4.4963059425354","tonne"
" Refined Petroleum","4.99259614944458","tonne"
" Refined Petroleum","404.0043334960938","tonne"
" Refined Petroleum","433.2152709960938","tonne"
" Refined Petroleum","48.76490020751953","tonne"
" Refined Petroleum","483.0166320800781","tonne"
" Refined Petroleum","5.033951282501221","tonne"
" Refined Petroleum","56.82514190673828","tonne"
" Refined Petroleum","6223.53564453125","tonne"
" Refined Petroleum","66.94419860839844","tonne"
" Refined Petroleum","7.081457138061523","tonne"
" Refined Petroleum","8.121953964233398","tonne"
" Refined Petroleum","8.548537254333496","tonne"
" Refined Petroleum","81.68274688720703","tonne"
" Refined Petroleum","89.19358825683594","tonne"
" Refined Petroleum","92.30286407470703","tonne"
"As","0.004018552601337433","tonne"
"Ash for treatment; Re-processing of ash into clinker","731.072509765625","tonne"
"Benzo-[a]-pyrene","0.08640066534280777","tonne"
"Benzo-[b]-fluoranthene","0.1185518801212311","tonne"
"Benzo-[k]-fluoranthene","0.04810450971126556","tonne"
"Biogas an other gases nec.","107.7674942016602","tonne"
"Biogasoline","0.199702575802803","tonne"
"Biogasoline","12.16484069824219","tonne"
"Biogasoline","2.685575723648071","tonne"
"Biogasoline","4.782519817352295","tonne"
"Biogasoline","593.61181640625","tonne"
"Biogasoline","7.057608127593994","tonne"
"CH4","142.4873504638672","tonne"
"CO ","1047.654907226562","tonne"
"Carbon dioxide, biogenic","2145.2265625","tonne"
"Carbon dioxide, fossil","482264.375","tonne"
"Cd","0.004804188851267099","tonne"
"Chemicals nec","0.0003139788459520787","tonne"
"Chemicals nec","0.0005925575387664139","tonne"
"Chemicals nec","0.004074470605701208","tonne"
"Chemicals nec","0.006708218716084957","tonne"
"Chemicals nec","0.007102925330400467","tonne"
"Chemicals nec","0.008090412244200706","tonne"
"Chemicals nec","0.02192226611077785","tonne"
"Chemicals nec","0.05543643608689308","tonne"
"Chemicals nec","0.06903824210166931","tonne"
"Chemicals nec","0.09393563866615295","tonne"
"Chemicals nec","0.113447867333889","tonne"
"Chemicals nec","0.2021168321371078","tonne"
"Chemicals nec","0.2449456006288528","tonne"
"Chemicals nec","0.3230381906032562","tonne"
"Chemicals nec","0.3623365163803101","tonne"
"Chemicals nec","0.3858423829078674","tonne"
"Chemicals nec","0.4621001183986664","tonne"
"Chemicals nec","0.5029087066650391","tonne"
"Chemicals nec","0.5274373292922974","tonne"
"Chemicals nec","0.5354365706443787","tonne"
"Chemicals nec","0.727284848690033","tonne"
"Chemicals nec","0.8460263609886169","tonne"
"Chemicals nec","1.182913780212402","tonne"
"Chemicals nec","1.214174517372157e-05","tonne"
"Chemicals nec","1.439754128456116","tonne"
"Chemicals nec","1.480149876442738e-06","tonne"
"Chemicals nec","102.2248229980469","tonne"
"Chemicals nec","11.55852508544922","tonne"
"Chemicals nec","11.96864223480225","tonne"
"Chemicals nec","12.14374923706055","tonne"
"Chemicals nec","13.2147798538208","tonne"
"Chemicals nec","14.67764091491699","tonne"
"Chemicals nec","19.5755672454834","tonne"
"Chemicals nec","2.003424406051636","tonne"
"Chemicals nec","2.797563076019287","tonne"
"Chemicals nec","32.40166473388672","tonne"
"Chemicals nec","4.167409896850586","tonne"
"Chemicals nec","4.915006637573242","tonne"
"Chemicals nec","42.01560974121094","tonne"
"Chemicals nec","5.24054479598999","tonne"
"Chemicals nec","63.47251129150391","tonne"
"Chemicals nec","69.61100769042969","tonne"
"Chemicals nec","7.489241123199463","tonne"
"Chemicals nec","831.2427978515625","tonne"
"Chemicals nec","9.229004859924316","tonne"
"Chemicals nec; additives and biofuels","0.0005925575387664139","tonne"
"Chemicals nec; additives and biofuels","0.004074470605701208","tonne"
"Chemicals nec; additives and biofuels","0.006708218716084957","tonne"
"Chemicals nec; additives and biofuels","0.007102925330400467","tonne"
"Chemicals nec; additives and biofuels","0.008090412244200706","tonne"
"Chemicals nec; additives and biofuels","0.02192226611077785","tonne"
"Chemicals nec; additives and biofuels","0.06903824210166931","tonne"
"Chemicals nec; additives and biofuels","0.09393563866615295","tonne"
"Chemicals nec; additives and biofuels","0.113447867333889","tonne"
"Chemicals nec; additives and biofuels","0.2021168321371078","tonne"
"Chemicals nec; additives and biofuels","0.2449456006288528","tonne"
"Chemicals nec; additives and biofuels","0.3623365163803101","tonne"
"Chemicals nec; additives and biofuels","0.3858423829078674","tonne"
"Chemicals nec; additives and biofuels","0.4621001183986664","tonne"
"Chemicals nec; additives and biofuels","0.5029087066650391","tonne"
"Chemicals nec; additives and biofuels","0.5274373292922974","tonne"
"Chemicals nec; additives and biofuels","0.5354365706443787","tonne"
"Chemicals nec; additives and biofuels","0.8460263609886169","tonne"
"Chemicals nec; additives and biofuels","1.182913780212402","tonne"
"Chemicals nec; additives and biofuels","1.214174517372157e-05","tonne"
"Chemicals nec; additives and biofuels","1.439754128456116","tonne"
"Chemicals nec; additives and biofuels","1.480149876442738e-06","tonne"
"Chemicals nec; additives and biofuels","102.2248229980469","tonne"
"Chemicals nec; additives and biofuels","11.55852508544922","tonne"
"Chemicals nec; additives and biofuels","11.96864223480225","tonne"
"Chemicals nec; additives and biofuels","12.14374923706055","tonne"
"Chemicals nec; additives and biofuels","12.48787879943848","tonne"
"Chemicals nec; additives and biofuels","13.2147798538208","tonne"
"Chemicals nec; additives and biofuels","19.5755672454834","tonne"
"Chemicals nec; additives and biofuels","2.003424406051636","tonne"
"Chemicals nec; additives and biofuels","2.741012096405029","tonne"
"Chemicals nec; additives and biofuels","2.797563076019287","tonne"
"Chemicals nec; additives and biofuels","32.60136413574219","tonne"
"Chemicals nec; additives and biofuels","4.167409896850586","tonne"
"Chemicals nec; additives and biofuels","4.915006637573242","tonne"
"Chemicals nec; additives and biofuels","42.01560974121094","tonne"
"Chemicals nec; additives and biofuels","5.24054479598999","tonne"
"Chemicals nec; additives and biofuels","5.509804725646973","tonne"
"Chemicals nec; additives and biofuels","608.2894897460938","tonne"
"Chemicals nec; additives and biofuels","63.47251129150391","tonne"
"Chemicals nec; additives and biofuels","69.61100769042969","tonne"
"Chemicals nec; additives and biofuels","7.057921886444092","tonne"
"Chemicals nec; additives and biofuels","7.489241123199463","tonne"
"Chemicals nec; additives and biofuels","831.2427978515625","tonne"
"Chemicals nec; additives and biofuels","9.229004859924316","tonne"
"Coal, lignite and peat","0.1210818886756897","tonne"
"Coal, lignite and peat","15.13666820526123","tonne"
"Coal, lignite and peat","16.23612594604492","tonne"
"Coal, lignite and peat","21.3411808013916","tonne"
"Coal, lignite and peat","6202.45849609375","tonne"
"Coal, lignite and peat","6869.96142578125","tonne"
"Coal, lignite and peat","7360.99462890625","tonne"
"Coal, lignite and peat","79.65658569335938","tonne"
"Coke Oven Coke","0.04510825872421265","tonne"
"Coke Oven Coke","0.111772395670414","tonne"
"Coke Oven Coke","0.1544016599655151","tonne"
"Coke Oven Coke","0.1703232973814011","tonne"
"Coke Oven Coke","0.5385819673538208","tonne"
"Coke Oven Coke","0.5780045986175537","tonne"
"Coke Oven Coke","2104.607666015625","tonne"
"Coke oven products","0.04510825872421265","tonne"
"Coke oven products","0.111772395670414","tonne"
"Coke oven products","0.1544016599655151","tonne"
"Coke oven products","0.1703232973814011","tonne"
"Coke oven products","0.5385819673538208","tonne"
"Coke oven products","0.5780045986175537","tonne"
"Coke oven products","2104.607666015625","tonne"
"Cr","0.03896860778331757","tonne"
"Cu","0.2360138446092606","tonne"
"Electrical machinery and apparatus n.e.c. (31)","0.0001976305793505162","tonne"
"Electrical machinery and apparatus n.e.c. (31)","0.0003382225404493511","tonne"
"Electrical machinery and apparatus n.e.c. (31)","0.0004339311853982508","tonne"
"Electrical machinery and apparatus n.e.c. (31)","0.04520493373274803","tonne"
"Electrical machinery and apparatus n.e.c. (31)","0.05798335745930672","tonne"
"Electrical machinery and apparatus n.e.c. (31)","0.07696070522069931","tonne"
"Electrical machinery and apparatus n.e.c. (31)","0.08141016215085983","tonne"
"Electrical machinery and apparatus n.e.c. (31)","0.119680181145668","tonne"
"Electrical machinery and apparatus n.e.c. (31)","0.1251383870840073","tonne"
"Electrical machinery and apparatus n.e.c. (31)","0.2353198379278183","tonne"
"Electrical machinery and apparatus n.e.c. (31)","0.2828261852264404","tonne"
"Electrical machinery and apparatus n.e.c. (31)","0.3305566012859344","tonne"
"Electrical machinery and apparatus n.e.c. (31)","0.4060425460338593","tonne"
"Electrical machinery and apparatus n.e.c. (31)","0.4252906441688538","tonne"
"Electrical machinery and apparatus n.e.c. (31)","0.5694498419761658","tonne"
"Electrical machinery and apparatus n.e.c. (31)","0.6285396218299866","tonne"
"Electrical machinery and apparatus n.e.c. (31)","0.8617877960205078","tonne"
"Electrical machinery and apparatus n.e.c. (31)","0.8801017999649048","tonne"
"Electrical machinery and apparatus n.e.c. (31)","1.102431178092957","tonne"
"Electrical machinery and apparatus n.e.c. (31)","1.217651844024658","tonne"
"Electrical machinery and apparatus n.e.c. (31)","1.421331405639648","tonne"
"Electrical machinery and apparatus n.e.c. (31)","1.494475245475769","tonne"
"Electrical machinery and apparatus n.e.c. (31)","1.599099397659302","tonne"
"Electrical machinery and apparatus n.e.c. (31)","11.65505504608154","tonne"
"Electrical machinery and apparatus n.e.c. (31)","11.85457420349121","tonne"
"Electrical machinery and apparatus n.e.c. (31)","13.63776779174805","tonne"
"Electrical machinery and apparatus n.e.c. (31)","15.71968555450439","tonne"
"Electrical machinery and apparatus n.e.c. (31)","17.98300743103027","tonne"
"Electrical machinery and apparatus n.e.c. (31)","179.9286346435547","tonne"
"Electrical machinery and apparatus n.e.c. (31)","19.86782455444336","tonne"
"Electrical machinery and apparatus n.e.c. (31)","190.5850677490234","tonne"
"Electrical machinery and apparatus n.e.c. (31)","2.113614559173584","tonne"
"Electrical machinery and apparatus n.e.c. (31)","2.301156282424927","tonne"
"Electrical machinery and apparatus n.e.c. (31)","20.07328224182129","tonne"
"Electrical machinery and apparatus n.e.c. (31)","25.86708831787109","tonne"
"Electrical machinery and apparatus n.e.c. (31)","26.03627777099609","tonne"
"Electrical machinery and apparatus n.e.c. (31)","3.721838474273682","tonne"
"Electrical machinery and apparatus n.e.c. (31)","31.74190330505371","tonne"
"Electrical machinery and apparatus n.e.c. (31)","35.31669616699219","tonne"
"Electrical machinery and apparatus n.e.c. (31)","47.63926315307617","tonne"
"Electrical machinery and apparatus n.e.c. (31)","55.41496276855469","tonne"
"Electrical machinery and apparatus n.e.c. (31)","6.470912933349609","tonne"
"Electrical machinery and apparatus n.e.c. (31)","6.491512775421143","tonne"
"Electrical machinery and apparatus n.e.c. (31)","7.396039962768555","tonne"
"Electrical machinery and apparatus n.e.c. (31)","8.614975929260254","tonne"
"Electrical machinery and apparatus n.e.c. (31)","8.629230499267578","tonne"
"Electrical machinery and apparatus n.e.c. (31)","9.840165138244629","tonne"
"Electrical machinery and apparatus n.e.c. (31)","9.850854873657227","tonne"
"Fabricated metal products; except machinery and equipment (28)","0.000508812430780381","tonne"
"Fabricated metal products; except machinery and equipment (28)","0.001164543442428112","tonne"
"Fabricated metal products; except machinery and equipment (28)","0.001413819962181151","tonne"
"Fabricated metal products; except machinery and equipment (28)","0.002228966914117336","tonne"
"Fabricated metal products; except machinery and equipment (28)","0.002328614238649607","tonne"
"Fabricated metal products; except machinery and equipment (28)","0.002348897513002157","tonne"
"Fabricated metal products; except machinery and equipment (28)","0.002404920756816864","tonne"
"Fabricated metal products; except machinery and equipment (28)","0.003097750013694167","tonne"
"Fabricated metal products; except machinery and equipment (28)","0.003621070878580213","tonne"
"Fabricated metal products; except machinery and equipment (28)","0.006703124847263098","tonne"
"Fabricated metal products; except machinery and equipment (28)","0.007368104998022318","tonne"
"Fabricated metal products; except machinery and equipment (28)","0.0127970390021801","tonne"
"Fabricated metal products; except machinery and equipment (28)","0.01746886782348156","tonne"
"Fabricated metal products; except machinery and equipment (28)","0.02522329054772854","tonne"
"Fabricated metal products; except machinery and equipment (28)","0.02717308141291142","tonne"
"Fabricated metal products; except machinery and equipment (28)","0.0282797385007143","tonne"
"Fabricated metal products; except machinery and equipment (28)","0.03156598284840584","tonne"
"Fabricated metal products; except machinery and equipment (28)","0.03824129700660706","tonne"
"Fabricated metal products; except machinery and equipment (28)","0.04432956129312515","tonne"
"Fabricated metal products; except machinery and equipment (28)","0.07630492001771927","tonne"
"Fabricated metal products; except machinery and equipment (28)","0.09974871575832367","tonne"
"Fabricated metal products; except machinery and equipment (28)","0.1058440655469894","tonne"
"Fabricated metal products; except machinery and equipment (28)","0.1149324998259544","tonne"
"Fabricated metal products; except machinery and equipment (28)","0.1870324164628983","tonne"
"Fabricated metal products; except machinery and equipment (28)","0.2002826482057571","tonne"
"Fabricated metal products; except machinery and equipment (28)","0.2420956790447235","tonne"
"Fabricated metal products; except machinery and equipment (28)","0.2650523483753204","tonne"
"Fabricated metal products; except machinery and equipment (28)","0.2717159390449524","tonne"
"Fabricated metal products; except machinery and equipment (28)","0.2735321819782257","tonne"
"Fabricated metal products; except machinery and equipment (28)","0.2940693199634552","tonne"
"Fabricated metal products; except machinery and equipment (28)","0.3019540309906006","tonne"
"Fabricated metal products; except machinery and equipment (28)","0.3073201477527618","tonne"
"Fabricated metal products; except machinery and equipment (28)","0.4045699536800385","tonne"
"Fabricated metal products; except machinery and equipment (28)","0.4148688614368439","tonne"
"Fabricated metal products; except machinery and equipment (28)","0.4934096336364746","tonne"
"Fabricated metal products; except machinery and equipment (28)","0.5031453371047974","tonne"
"Fabricated metal products; except machinery and equipment (28)","0.5457629561424255","tonne"
"Fabricated metal products; except machinery and equipment (28)","0.5838555097579956","tonne"
"Fabricated metal products; except machinery and equipment (28)","0.6713824868202209","tonne"
"Fabricated metal products; except machinery and equipment (28)","0.8286010026931763","tonne"
"Fabricated metal products; except machinery and equipment (28)","1.064535856246948","tonne"
"Fabricated metal products; except machinery and equipment (28)","1.380467176437378","tonne"
"Fabricated metal products; except machinery and equipment (28)","1.422379612922668","tonne"
"Fabricated metal products; except machinery and equipment (28)","2.293256044387817","tonne"
"Fabricated metal products; except machinery and equipment (28)","3.029588937759399","tonne"
"Fabricated metal products; except machinery and equipment (28)","3.304913843749091e-05","tonne"
"Fabricated metal products; except machinery and equipment (28)","3.402247190475464","tonne"
"Furniture; other manufactured goods n.e.c. (36)","0.002071361523121595","tonne"
"Furniture; other manufactured goods n.e.c. (36)","0.005530593451112509","tonne"
"Furniture; other manufactured goods n.e.c. (36)","0.0056980368681252","tonne"
"Furniture; other manufactured goods n.e.c. (36)","0.005866775754839182","tonne"
"Furniture; other manufactured goods n.e.c. (36)","0.007634414825588465","tonne"
"Furniture; other manufactured goods n.e.c. (36)","0.009089340455830097","tonne"
"Furniture; other manufactured goods n.e.c. (36)","0.009252023883163929","tonne"
"Furniture; other manufactured goods n.e.c. (36)","0.01062284596264362","tonne"
"Furniture; other manufactured goods n.e.c. (36)","0.01192112453281879","tonne"
"Furniture; other manufactured goods n.e.c. (36)","0.0144982086494565","tonne"
"Furniture; other manufactured goods n.e.c. (36)","0.01533653773367405","tonne"
"Furniture; other manufactured goods n.e.c. (36)","0.01936000026762486","tonne"
"Furniture; other manufactured goods n.e.c. (36)","0.02154571935534477","tonne"
"Furniture; other manufactured goods n.e.c. (36)","0.02564547210931778","tonne"
"Furniture; other manufactured goods n.e.c. (36)","0.02980604209005833","tonne"
"Furniture; other manufactured goods n.e.c. (36)","0.03398497775197029","tonne"
"Furniture; other manufactured goods n.e.c. (36)","0.04258504882454872","tonne"
"Furniture; other manufactured goods n.e.c. (36)","0.04372032359242439","tonne"
"Furniture; other manufactured goods n.e.c. (36)","0.04862629994750023","tonne"
"Furniture; other manufactured goods n.e.c. (36)","0.0542573481798172","tonne"
"Furniture; other manufactured goods n.e.c. (36)","0.05492552742362022","tonne"
"Furniture; other manufactured goods n.e.c. (36)","0.05753312632441521","tonne"
"Furniture; other manufactured goods n.e.c. (36)","0.07466577738523483","tonne"
"Furniture; other manufactured goods n.e.c. (36)","0.07694996893405914","tonne"
"Furniture; other manufactured goods n.e.c. (36)","0.07901100069284439","tonne"
"Furniture; other manufactured goods n.e.c. (36)","0.08867524564266205","tonne"
"Furniture; other manufactured goods n.e.c. (36)","0.09992987662553787","tonne"
"Furniture; other manufactured goods n.e.c. (36)","0.1083768233656883","tonne"
"Furniture; other manufactured goods n.e.c. (36)","0.1173543632030487","tonne"
"Furniture; other manufactured goods n.e.c. (36)","0.1294371336698532","tonne"
"Furniture; other manufactured goods n.e.c. (36)","0.1330108195543289","tonne"
"Furniture; other manufactured goods n.e.c. (36)","0.1490091681480408","tonne"
"Furniture; other manufactured goods n.e.c. (36)","0.164972260594368","tonne"
"Furniture; other manufactured goods n.e.c. (36)","0.17884162068367","tonne"
"Furniture; other manufactured goods n.e.c. (36)","0.2016361802816391","tonne"
"Furniture; other manufactured goods n.e.c. (36)","0.2603525221347809","tonne"
"Furniture; other manufactured goods n.e.c. (36)","0.2641672492027283","tonne"
"Furniture; other manufactured goods n.e.c. (36)","0.319699615240097","tonne"
"Furniture; other manufactured goods n.e.c. (36)","0.384448766708374","tonne"
"Furniture; other manufactured goods n.e.c. (36)","0.5167946219444275","tonne"
"Furniture; other manufactured goods n.e.c. (36)","0.5885182619094849","tonne"
"Furniture; other manufactured goods n.e.c. (36)","1.346547603607178","tonne"
"Furniture; other manufactured goods n.e.c. (36)","1.820196509361267","tonne"
"Furniture; other manufactured goods n.e.c. (36)","1.902447819709778","tonne"
"Furniture; other manufactured goods n.e.c. (36)","2.540425777435303","tonne"
"Furniture; other manufactured goods n.e.c. (36)","3.306022699689493e-05","tonne"
"Furniture; other manufactured goods n.e.c. (36)","4.215792432660237e-05","tonne"
"Gas Works Gas","107.7674942016602","tonne"
"Gas/Diesel Oil","0.000120647280709818","tonne"
"Gas/Diesel Oil","0.001340383663773537","tonne"
"Gas/Diesel Oil","0.004194743931293488","tonne"
"Gas/Diesel Oil","0.004655804019421339","tonne"
"Gas/Diesel Oil","0.01411242410540581","tonne"
"Gas/Diesel Oil","0.06258305907249451","tonne"
"Gas/Diesel Oil","0.08704685419797897","tonne"
"Gas/Diesel Oil","0.09356070309877396","tonne"
"Gas/Diesel Oil","0.2450013011693954","tonne"
"Gas/Diesel Oil","0.3232977092266083","tonne"
"Gas/Diesel Oil","0.5159067511558533","tonne"
"Gas/Diesel Oil","0.674932062625885","tonne"
"Gas/Diesel Oil","1.005425095558167","tonne"
"Gas/Diesel Oil","1.28882098197937","tonne"
"Gas/Diesel Oil","1052.098388671875","tonne"
"Gas/Diesel Oil","1137.58251953125","tonne"
"Gas/Diesel Oil","156.0609588623047","tonne"
"Gas/Diesel Oil","159.7709503173828","tonne"
"Gas/Diesel Oil","16.70359420776367","tonne"
"Gas/Diesel Oil","17190.1171875","tonne"
"Gas/Diesel Oil","2.293170928955078","tonne"
"Gas/Diesel Oil","20530.8828125","tonne"
"Gas/Diesel Oil","208.1975250244141","tonne"
"Gas/Diesel Oil","21.50739288330078","tonne"
"Gas/Diesel Oil","2394.416748046875","tonne"
"Gas/Diesel Oil","29.42046737670898","tonne"
"Gas/Diesel Oil","3.848192453384399","tonne"
"Gas/Diesel Oil","3330.541748046875","tonne"
"Gas/Diesel Oil","346.2134704589844","tonne"
"Gas/Diesel Oil","3546.138427734375","tonne"
"Gas/Diesel Oil","4.519787311553955","tonne"
"Gas/Diesel Oil","4.63065767288208","tonne"
"Gas/Diesel Oil","403.4356384277344","tonne"
"Gas/Diesel Oil","555.0713500976562","tonne"
"Gas/Diesel Oil","58.21286010742188","tonne"
"Gas/Diesel Oil","6.237617015838623","tonne"
"Gas/Diesel Oil","68.13991546630859","tonne"
"Gas/Diesel Oil","70.45899963378906","tonne"
"Gas/Diesel Oil","8.481045722961426","tonne"
"Gas/Diesel Oil","8160.611328125","tonne"
"Gas/Diesel Oil","87.01052856445312","tonne"
"Gas/Diesel Oil","95.62255859375","tonne"
"Glass and glass products","0.000206322074518539","tonne"
"Glass and glass products","0.004697551019489765","tonne"
"Glass and glass products","0.006694527342915535","tonne"
"Glass and glass products","0.008257197216153145","tonne"
"Glass and glass products","0.01141042169183493","tonne"
"Glass and glass products","0.01494700368493795","tonne"
"Glass and glass products","0.03037751466035843","tonne"
"Glass and glass products","0.05140019580721855","tonne"
"Glass and glass products","0.08719750493764877","tonne"
"Glass and glass products","0.118521086871624","tonne"
"Glass and glass products","0.1473430246114731","tonne"
"Glass and glass products","0.2035192400217056","tonne"
"Glass and glass products","0.25265833735466","tonne"
"Glass and glass products","0.3051827847957611","tonne"
"Glass and glass products","0.3993572592735291","tonne"
"Glass and glass products","0.408412367105484","tonne"
"Glass and glass products","0.4270377457141876","tonne"
"Glass and glass products","0.4688721299171448","tonne"
"Glass and glass products","1.162813896371517e-05","tonne"
"Glass and glass products","1.425984621047974","tonne"
"Glass and glass products","1.742528200149536","tonne"
"Glass and glass products","1.778955101966858","tonne"
"Glass and glass products","10.754075050354","tonne"
"Glass and glass products","12.84438514709473","tonne"
"Glass and glass products","124.0237121582031","tonne"
"Glass and glass products","15.38851737976074","tonne"
"Glass and glass products","15.67336750030518","tonne"
"Glass and glass products","17.40530967712402","tonne"
"Glass and glass products","1764.331298828125","tonne"
"Glass and glass products","177.5453796386719","tonne"
"Glass and glass products","18.16782569885254","tonne"
"Glass and glass products","2.091655969619751","tonne"
"Glass and glass products","2.224588871002197","tonne"
"Glass and glass products","2.327059268951416","tonne"
"Glass and glass products","2.515403985977173","tonne"
"Glass and glass products","2.638833284378052","tonne"
"Glass and glass products","2.746400833129883","tonne"
"Glass and glass products","2.765076160430908","tonne"
"Glass and glass products","24.0531005859375","tonne"
"Glass and glass products","3.048401413252577e-05","tonne"
"Glass and glass products","30.67673492431641","tonne"
"Glass and glass products","35.71283721923828","tonne"
"Glass and glass products","6.54639196395874","tonne"
"Glass and glass products","6.777655124664307","tonne"
"Glass and glass products","7.260001659393311","tonne"
"HCB","2.919929329436854e-07","tonne"
"Heavy Fuel Oil","0.0415886864066124","tonne"
"Heavy Fuel Oil","0.04424231126904488","tonne"
"Heavy Fuel Oil","0.05957716330885887","tonne"
"Heavy Fuel Oil","0.3042961657047272","tonne"
"Heavy Fuel Oil","0.3308756947517395","tonne"
"Heavy Fuel Oil","0.4535883963108063","tonne"
"Heavy Fuel Oil","0.5275704860687256","tonne"
"Heavy Fuel Oil","0.9456727504730225","tonne"
"Heavy Fuel Oil","1.063211798667908","tonne"
"Heavy Fuel Oil","1.675209760665894","tonne"
"Heavy Fuel Oil","10.38044548034668","tonne"
"Heavy Fuel Oil","12.83145427703857","tonne"
"Heavy Fuel Oil","13.10187149047852","tonne"
"Heavy Fuel Oil","164.0246276855469","tonne"
"Heavy Fuel Oil","18.67843818664551","tonne"
"Heavy Fuel Oil","209.5048675537109","tonne"
"Heavy Fuel Oil","22.4214973449707","tonne"
"Heavy Fuel Oil","232.0567321777344","tonne"
"Heavy Fuel Oil","27.41279220581055","tonne"
"Heavy Fuel Oil","296.1761169433594","tonne"
"Heavy Fuel Oil","3.316226243972778","tonne"
"Heavy Fuel Oil","3.762438058853149","tonne"
"Heavy Fuel Oil","3.893059015274048","tonne"
"Heavy Fuel Oil","3111.250244140625","tonne"
"Heavy Fuel Oil","329.0381164550781","tonne"
"Heavy Fuel Oil","338.4828186035156","tonne"
"Heavy Fuel Oil","39.99211120605469","tonne"
"Heavy Fuel Oil","396.1200561523438","tonne"
"Heavy Fuel Oil","4.494965553283691","tonne"
"Heavy Fuel Oil","45.32672500610352","tonne"
"Heavy Fuel Oil","49.51242065429688","tonne"
"Heavy Fuel Oil","51.93864059448242","tonne"
"Heavy Fuel Oil","52.96680068969727","tonne"
"Heavy Fuel Oil","530.178466796875","tonne"
"Heavy Fuel Oil","6.271461963653564","tonne"
"Heavy Fuel Oil","6.821498870849609","tonne"
"Heavy Fuel Oil","66.93953704833984","tonne"
"Heavy Fuel Oil","7.076990127563477","tonne"
"Heavy Fuel Oil","7.456955432891846","tonne"
"Heavy Fuel Oil","75.35761260986328","tonne"
"Heavy Fuel Oil","83.9727783203125","tonne"
"Heavy Fuel Oil","85.29425048828125","tonne"
"Heavy Fuel Oil","88.10848236083984","tonne"
"Hg","0.003880892647430301","tonne"
"Indeno-[1,2,3-cd]-pyrene","0.02225994318723679","tonne"
"Inert/metal/hazardous waste for treatment: landfill","3.967361927032471","tonne"
"Intert/metal waste for treatment: incineration","0.6127623915672302","tonne"
"Leather and leather products (19)","1.388606733598863e-06","tonne"
"Leather and leather products (19)","5.971395694359671e-06","tonne"
"Liquefied Petroleum Gases (LPG)","0.0001650614431127906","tonne"
"Liquefied Petroleum Gases (LPG)","0.000215842534089461","tonne"
"Liquefied Petroleum Gases (LPG)","0.0007148050353862345","tonne"
"Liquefied Petroleum Gases (LPG)","0.006308365147560835","tonne"
"Liquefied Petroleum Gases (LPG)","0.3267873227596283","tonne"
"Liquefied Petroleum Gases (LPG)","0.7149248719215393","tonne"
"Liquefied Petroleum Gases (LPG)","0.7803250551223755","tonne"
"Liquefied Petroleum Gases (LPG)","1.022233843803406","tonne"
"Liquefied Petroleum Gases (LPG)","1.086575139197521e-06","tonne"
"Liquefied Petroleum Gases (LPG)","1.350800514221191","tonne"
"Liquefied Petroleum Gases (LPG)","14.18035221099854","tonne"
"Liquefied Petroleum Gases (LPG)","1481.279052734375","tonne"
"Liquefied Petroleum Gases (LPG)","2.591914017102681e-05","tonne"
"Liquefied Petroleum Gases (LPG)","23.51744079589844","tonne"
"Liquefied Petroleum Gases (LPG)","25.87082481384277","tonne"
"Liquefied Petroleum Gases (LPG)","25.99769020080566","tonne"
"Liquefied Petroleum Gases (LPG)","3.155823605993646e-06","tonne"
"Liquefied Petroleum Gases (LPG)","3.375202178955078","tonne"
"Liquefied Petroleum Gases (LPG)","4.662776063923957e-06","tonne"
"Liquefied Petroleum Gases (LPG)","4.856527993979398e-06","tonne"
"Liquefied Petroleum Gases (LPG)","479.5732421875","tonne"
"Liquefied Petroleum Gases (LPG)","5.239311121840728e-06","tonne"
"Liquefied Petroleum Gases (LPG)","6.352135824272409e-05","tonne"
"Liquefied Petroleum Gases (LPG)","7.113419532775879","tonne"
"Lubricants","0.0001383785129291937","tonne"
"Lubricants","0.0001471879804739729","tonne"
"Lubricants","0.0002843721304088831","tonne"
"Lubricants","0.0007582540856674314","tonne"
"Lubricants","0.001076130545698106","tonne"
"Lubricants","0.001397187472321093","tonne"
"Lubricants","0.0035218286793679","tonne"
"Lubricants","0.007116563152521849","tonne"
"Lubricants","0.009635885246098042","tonne"
"Lubricants","0.03370707482099533","tonne"
"Lubricants","0.1748816817998886","tonne"
"Lubricants","0.2568100094795227","tonne"
"Lubricants","0.4117318391799927","tonne"
"Lubricants","0.4654801189899445","tonne"
"Lubricants","4.929781436920166","tonne"
"Lubricants","5.295076847076416","tonne"
"Lubricants","9.028438944369555e-05","tonne"
"Machinery and equipment n.e.c. (29)","1.185364453704096e-05","tonne"
"Machinery and equipment n.e.c. (29)","1.309610752286972e-06","tonne"
"Machinery and equipment n.e.c. (29)","1.505011550761992e-05","tonne"
"Machinery and equipment n.e.c. (29)","1.570454151078593e-05","tonne"
"Machinery and equipment n.e.c. (29)","1.591942418599501e-05","tonne"
"Machinery and equipment n.e.c. (29)","1.73396949776361e-06","tonne"
"Machinery and equipment n.e.c. (29)","1.86781494448951e-06","tonne"
"Machinery and equipment n.e.c. (29)","1.979542685148772e-05","tonne"
"Machinery and equipment n.e.c. (29)","2.11303972719179e-06","tonne"
"Machinery and equipment n.e.c. (29)","2.113158370775636e-05","tonne"
"Machinery and equipment n.e.c. (29)","2.261345798615366e-06","tonne"
"Machinery and equipment n.e.c. (29)","2.6946215712087e-06","tonne"
"Machinery and equipment n.e.c. (29)","2.803258212225046e-06","tonne"
"Machinery and equipment n.e.c. (29)","3.069958984269761e-05","tonne"
"Machinery and equipment n.e.c. (29)","3.592212578951148e-06","tonne"
"Machinery and equipment n.e.c. (29)","3.872295201290399e-05","tonne"
"Machinery and equipment n.e.c. (29)","4.332469416112872e-06","tonne"
"Machinery and equipment n.e.c. (29)","4.577198342303745e-05","tonne"
"Machinery and equipment n.e.c. (29)","6.031426892150193e-05","tonne"
"Machinery and equipment n.e.c. (29)","6.229419341252651e-06","tonne"
"Machinery and equipment n.e.c. (29)","6.312839559541317e-06","tonne"
"Machinery and equipment n.e.c. (29)","7.889624612289481e-06","tonne"
"Machinery and equipment n.e.c. (29)","7.969772013893817e-06","tonne"
"Machinery and equipment n.e.c. (29)","8.072455784713384e-06","tonne"
"Machinery and equipment n.e.c. (29)","8.253837222582661e-06","tonne"
"Machinery and equipment n.e.c. (29)","8.427071406913456e-06","tonne"
"Machinery and equipment n.e.c. (29)","8.674893251736648e-06","tonne"
"Machinery and equipment n.e.c. (29)","8.716549928067252e-05","tonne"
"Machinery and equipment n.e.c. (29)","9.099932867684402e-06","tonne"
"Machinery and equipment n.e.c. (29)","9.399981536262203e-06","tonne"
"Medical; precision and optical instruments; watches and clocks (33)","0.0004900327185168862","tonne"
"Medical; precision and optical instruments; watches and clocks (33)","0.00176743371412158","tonne"
"Medical; precision and optical instruments; watches and clocks (33)","0.001825301558710635","tonne"
"Medical; precision and optical instruments; watches and clocks (33)","0.00299839535728097","tonne"
"Medical; precision and optical instruments; watches and clocks (33)","0.003433518810197711","tonne"
"Medical; precision and optical instruments; watches and clocks (33)","0.004562500398606062","tonne"
"Medical; precision and optical instruments; watches and clocks (33)","0.004600949585437775","tonne"
"Medical; precision and optical instruments; watches and clocks (33)","0.005492524709552526","tonne"
"Medical; precision and optical instruments; watches and clocks (33)","0.007541148457676172","tonne"
"Medical; precision and optical instruments; watches and clocks (33)","0.007674240507185459","tonne"
"Medical; precision and optical instruments; watches and clocks (33)","0.01264926791191101","tonne"
"Medical; precision and optical instruments; watches and clocks (33)","0.01675771176815033","tonne"
"Medical; precision and optical instruments; watches and clocks (33)","0.01916365139186382","tonne"
"Medical; precision and optical instruments; watches and clocks (33)","0.0256253145635128","tonne"
"Medical; precision and optical instruments; watches and clocks (33)","0.0308354739099741","tonne"
"Medical; precision and optical instruments; watches and clocks (33)","0.03726024553179741","tonne"
"Medical; precision and optical instruments; watches and clocks (33)","0.04329110682010651","tonne"
"Medical; precision and optical instruments; watches and clocks (33)","0.05171198397874832","tonne"
"Medical; precision and optical instruments; watches and clocks (33)","0.06894779205322266","tonne"
"Medical; precision and optical instruments; watches and clocks (33)","0.08334869891405106","tonne"
"Medical; precision and optical instruments; watches and clocks (33)","0.09708452969789505","tonne"
"Medical; precision and optical instruments; watches and clocks (33)","0.1075999215245247","tonne"
"Medical; precision and optical instruments; watches and clocks (33)","0.1148298904299736","tonne"
"Medical; precision and optical instruments; watches and clocks (33)","0.1233255937695503","tonne"
"Medical; precision and optical instruments; watches and clocks (33)","0.1526641547679901","tonne"
"Medical; precision and optical instruments; watches and clocks (33)","0.1727475523948669","tonne"
"Medical; precision and optical instruments; watches and clocks (33)","0.1754195839166641","tonne"
"Medical; precision and optical instruments; watches and clocks (33)","0.1937460601329803","tonne"
"Medical; precision and optical instruments; watches and clocks (33)","0.273661732673645","tonne"
"Medical; precision and optical instruments; watches and clocks (33)","0.2859805226325989","tonne"
"Medical; precision and optical instruments; watches and clocks (33)","0.3891146183013916","tonne"
"Medical; precision and optical instruments; watches and clocks (33)","0.3948773443698883","tonne"
"Medical; precision and optical instruments; watches and clocks (33)","0.4350916147232056","tonne"
"Medical; precision and optical instruments; watches and clocks (33)","0.4613768458366394","tonne"
"Medical; precision and optical instruments; watches and clocks (33)","0.5968412160873413","tonne"
"Medical; precision and optical instruments; watches and clocks (33)","0.6057505011558533","tonne"
"Medical; precision and optical instruments; watches and clocks (33)","1.407945513725281","tonne"
"Medical; precision and optical instruments; watches and clocks (33)","1.777051210403442","tonne"
"Medical; precision and optical instruments; watches and clocks (33)","1.940109848976135","tonne"
"Medical; precision and optical instruments; watches and clocks (33)","2.074655055999756","tonne"
"Medical; precision and optical instruments; watches and clocks (33)","2.432227849960327","tonne"
"Medical; precision and optical instruments; watches and clocks (33)","2.561200141906738","tonne"
"Medical; precision and optical instruments; watches and clocks (33)","3.186800313415006e-06","tonne"
"Medical; precision and optical instruments; watches and clocks (33)","3.473149538040161","tonne"
"Medical; precision and optical instruments; watches and clocks (33)","5.058737754821777","tonne"
"Medical; precision and optical instruments; watches and clocks (33)","6.492763519287109","tonne"
"Medical; precision and optical instruments; watches and clocks (33)","8.510234832763672","tonne"
"Motor Gasoline","0.0002464335411787033","tonne"
"Motor Gasoline","0.001820287201553583","tonne"
"Motor Gasoline","0.003073753090575337","tonne"
"Motor Gasoline","0.004631268791854382","tonne"
"Motor Gasoline","0.00630388455465436","tonne"
"Motor Gasoline","0.007482632994651794","tonne"
"Motor Gasoline","0.01014162041246891","tonne"
"Motor Gasoline","0.01358440332114697","tonne"
"Motor Gasoline","0.01725774444639683","tonne"
"Motor Gasoline","0.02071231603622437","tonne"
"Motor Gasoline","0.03876834362745285","tonne"
"Motor Gasoline","0.05542368814349174","tonne"
"Motor Gasoline","0.0579989030957222","tonne"
"Motor Gasoline","0.09750048816204071","tonne"
"Motor Gasoline","0.135691225528717","tonne"
"Motor Gasoline","0.1954849511384964","tonne"
"Motor Gasoline","0.211009755730629","tonne"
"Motor Gasoline","0.2247328609228134","tonne"
"Motor Gasoline","0.415346086025238","tonne"
"Motor Gasoline","0.4855304062366486","tonne"
"Motor Gasoline","0.8204105496406555","tonne"
"Motor Gasoline","0.8362345099449158","tonne"
"Motor Gasoline","1.300617694854736","tonne"
"Motor Gasoline","1.335185408592224","tonne"
"Motor Gasoline","10.40298175811768","tonne"
"Motor Gasoline","2.002464294433594","tonne"
"Motor Gasoline","2.360629081726074","tonne"
"Motor Gasoline","2.375238418579102","tonne"
"Motor Gasoline","2.47155237197876","tonne"
"Motor Gasoline","2.759632297966164e-05","tonne"
"Motor Gasoline","21.10050964355469","tonne"
"Motor Gasoline","231.0205993652344","tonne"
"Motor Gasoline","4.239343166351318","tonne"
"Motor Gasoline","4.279711902199779e-06","tonne"
"Motor Gasoline","5.852097988128662","tonne"
"Motor Gasoline","50.85663986206055","tonne"
"Motor Gasoline","55.00864791870117","tonne"
"Motor Gasoline","7.476834774017334","tonne"
"Motor Gasoline","8.847317695617676","tonne"
"Motor Gasoline","83.18883514404297","tonne"
"Motor Gasoline","9.030908584594727","tonne"
"N","35404.34375","tonne"
"N-fertiliser","0.001005920115858316","tonne"
"N-fertiliser","0.008381984196603298","tonne"
"N-fertiliser","0.008388977497816086","tonne"
"N-fertiliser","0.08816757053136826","tonne"
"N-fertiliser","0.6541554927825928","tonne"
"N-fertiliser","1069.244750976562","tonne"
"N-fertiliser","1081.377197265625","tonne"
"N-fertiliser","1156.68994140625","tonne"
"N-fertiliser","130.7201385498047","tonne"
"N-fertiliser","13565.2353515625","tonne"
"N-fertiliser","1491.840209960938","tonne"
"N-fertiliser","1552.778564453125","tonne"
"N-fertiliser","18.75172805786133","tonne"
"N-fertiliser","208.7958984375","tonne"
"N-fertiliser","231.2187042236328","tonne"
"N-fertiliser","237.7331848144531","tonne"
"N-fertiliser","24943.23046875","tonne"
"N-fertiliser","2572.433837890625","tonne"
"N-fertiliser","28656.349609375","tonne"
"N-fertiliser","3018.111328125","tonne"
"N-fertiliser","36971.91015625","tonne"
"N-fertiliser","4.241907119750977","tonne"
"N-fertiliser","47.21194076538086","tonne"
"N-fertiliser","5.525256710825488e-05","tonne"
"N-fertiliser","52.15998077392578","tonne"
"N-fertiliser","675.40380859375","tonne"
"N-fertiliser","7.478114128112793","tonne"
"N-fertiliser","76.89360809326172","tonne"
"N2O","2464.24609375","tonne"
"NH3","14211.6357421875","tonne"
"NMVOC","262.1954345703125","tonne"
"NOX ","3457.101806640625","tonne"
"Natural gas and services related to natural gas extraction, excluding surveying; inclulding liquid gas","0.0004340880841482431","tonne"
"Natural gas and services related to natural gas extraction, excluding surveying; inclulding liquid gas","0.0005576908006332815","tonne"
"Natural gas and services related to natural gas extraction, excluding surveying; inclulding liquid gas","0.0006999194156378508","tonne"
"Natural gas and services related to natural gas extraction, excluding surveying; inclulding liquid gas","0.002539901295676827","tonne"
"Natural gas and services related to natural gas extraction, excluding surveying; inclulding liquid gas","0.3168910443782806","tonne"
"Natural gas and services related to natural gas extraction, excluding surveying; inclulding liquid gas","1193.142578125","tonne"
"Natural gas and services related to natural gas extraction, excluding surveying; inclulding liquid gas","22.26625442504883","tonne"
"Natural gas and services related to natural gas extraction, excluding surveying; inclulding liquid gas","22932.369140625","tonne"
"Natural gas and services related to natural gas extraction, excluding surveying; inclulding liquid gas","3.924208402633667","tonne"
"Natural gas and services related to natural gas extraction, excluding surveying; inclulding liquid gas","30850.79296875","tonne"
"Natural gas and services related to natural gas extraction, excluding surveying; inclulding liquid gas","84.97459411621094","tonne"
"Natural gas and services related to natural gas extraction; excluding surveying","0.0004340880841482431","tonne"
"Natural gas and services related to natural gas extraction; excluding surveying","0.0005576908006332815","tonne"
"Natural gas and services related to natural gas extraction; excluding surveying","0.0006999194156378508","tonne"
"Natural gas and services related to natural gas extraction; excluding surveying","0.002539901295676827","tonne"
"Natural gas and services related to natural gas extraction; excluding surveying","0.3168910443782806","tonne"
"Natural gas and services related to natural gas extraction; excluding surveying","1193.142578125","tonne"
"Natural gas and services related to natural gas extraction; excluding surveying","22.26625442504883","tonne"
"Natural gas and services related to natural gas extraction; excluding surveying","22932.369140625","tonne"
"Natural gas and services related to natural gas extraction; excluding surveying","3.924208402633667","tonne"
"Natural gas and services related to natural gas extraction; excluding surveying","30850.79296875","tonne"
"Natural gas and services related to natural gas extraction; excluding surveying","84.97459411621094","tonne"
"Ni","0.4122191667556763","tonne"
"Office machinery and computers (30)","0.0001223493745783344","tonne"
"Office machinery and computers (30)","1.041901123244315e-05","tonne"
"Office machinery and computers (30)","1.062801516127365e-06","tonne"
"Office machinery and computers (30)","1.074294118552643e-06","tonne"
"Office machinery and computers (30)","1.33782964439888e-06","tonne"
"Office machinery and computers (30)","1.452438937121769e-06","tonne"
"Office machinery and computers (30)","2.305292127857683e-06","tonne"
"Office machinery and computers (30)","2.925754051830154e-05","tonne"
"Office machinery and computers (30)","3.646675031632185e-05","tonne"
"Office machinery and computers (30)","4.232676019455539e-06","tonne"
"Office machinery and computers (30)","4.964604613633128e-06","tonne"
"Office machinery and computers (30)","5.877197963854996e-06","tonne"
"Office machinery and computers (30)","8.458395313937217e-06","tonne"
"Office machinery and computers (30)","9.442598638997879e-06","tonne"
"Oil/hazardous waste for treatment: incineration","36.64659118652344","tonne"
"Other Bituminous Coal","0.1210818886756897","tonne"
"Other Bituminous Coal","15.13666820526123","tonne"
"Other Bituminous Coal","16.23612594604492","tonne"
"Other Bituminous Coal","21.3411808013916","tonne"
"Other Bituminous Coal","6202.45849609375","tonne"
"Other Bituminous Coal","6869.96142578125","tonne"
"Other Bituminous Coal","7360.99462890625","tonne"
"Other Bituminous Coal","79.65658569335938","tonne"
"Other non-metallic mineral products","1.000164161268913e-06","tonne"
"Other non-metallic mineral products","1.01833416010777e-06","tonne"
"Other non-metallic mineral products","1.114831093218527e-06","tonne"
"Other non-metallic mineral products","1.153859329861007e-06","tonne"
"Other non-metallic mineral products","2.826931904564844e-06","tonne"
"Other non-metallic mineral products","6.277120519371238e-06","tonne"
"Other non-metallic mineral products","6.318834948615404e-06","tonne"
"P","2192.3037109375","tonne"
"P","65.47559356689453","tonne"
"P- and other fertiliser","0.000483139738207683","tonne"
"P- and other fertiliser","0.00115533173084259","tonne"
"P- and other fertiliser","0.008729569613933563","tonne"
"P- and other fertiliser","0.008994261734187603","tonne"
"P- and other fertiliser","0.01794347167015076","tonne"
"P- and other fertiliser","0.02437478303909302","tonne"
"P- and other fertiliser","0.02940408885478973","tonne"
"P- and other fertiliser","0.12019332498312","tonne"
"P- and other fertiliser","0.1283607631921768","tonne"
"P- and other fertiliser","0.2121690809726715","tonne"
"P- and other fertiliser","0.2878706753253937","tonne"
"P- and other fertiliser","0.5273652672767639","tonne"
"P- and other fertiliser","1.165490865707397","tonne"
"P- and other fertiliser","1.502242922782898","tonne"
"P- and other fertiliser","100.5194473266602","tonne"
"P- and other fertiliser","10149.2265625","tonne"
"P- and other fertiliser","103.4955520629883","tonne"
"P- and other fertiliser","13.01807975769043","tonne"
"P- and other fertiliser","1417.576416015625","tonne"
"P- and other fertiliser","142.1737670898438","tonne"
"P- and other fertiliser","1492.341186523438","tonne"
"P- and other fertiliser","15.11085987091064","tonne"
"P- and other fertiliser","179.3048400878906","tonne"
"P- and other fertiliser","2.319184064865112","tonne"
"P- and other fertiliser","2.994991336890962e-05","tonne"
"P- and other fertiliser","22.89997291564941","tonne"
"P- and other fertiliser","320.9756774902344","tonne"
"P- and other fertiliser","35.53684997558594","tonne"
"P- and other fertiliser","3552.6396484375","tonne"
"P- and other fertiliser","37206.765625","tonne"
"P- and other fertiliser","404.3452453613281","tonne"
"P- and other fertiliser","6.276965141296387","tonne"
"P- and other fertiliser","8.396978378295898","tonne"
"PCB","8.431221067439765e-05","tonne"
"PCDD/F (dioxins and furans)","1.912402893822218e-07","tonne"
"PM10","121.5942306518555","tonne"
"PM2.5","160.9240417480469","tonne"
"Paper and paper products","0.0001293437526328489","tonne"
"Paper and paper products","1.180436129288864e-06","tonne"
"Paper and paper products","1.31200692976563e-06","tonne"
"Paper and paper products","1.373821532979491e-06","tonne"
"Paper and paper products","1.705696149656433e-06","tonne"
"Paper and paper products","2.204870497735101e-06","tonne"
"Paper and paper products","2.550262070144527e-05","tonne"
"Paper and paper products","3.094909061474027e-06","tonne"
"Paper and paper products","4.596746293827891e-05","tonne"
"Paper and paper products","6.057073733245488e-06","tonne"
"Paper and paper products","6.810561444581253e-06","tonne"
"Paper and paper products","7.210810508695431e-06","tonne"
"Paper for treatment: landfill","0.08575893193483353","tonne"
"Paper waste for treatment: incineration","6.380993366241455","tonne"
"Paper waste for treatment: biogasification and land application","0.0004384061321616173","tonne"
"Pb","0.1027897596359253","tonne"
"Petroleum Coke","0.0003472270909696817","tonne"
"Petroleum Coke","0.007511159405112267","tonne"
"Petroleum Coke","0.04616598039865494","tonne"
"Petroleum Coke","1.051006078720093","tonne"
"Petroleum Coke","1.41598117351532","tonne"
"Petroleum Coke","14438.2900390625","tonne"
"Petroleum Coke","3.37096095085144","tonne"
"Petroleum Coke","400.7830505371094","tonne"
"Petroleum Coke","5.829482078552246","tonne"
"Petroleum Coke","5320.95068359375","tonne"
"Petroleum Coke","7.899572849273682","tonne"
"Plastic waste for treatment: incineration","0.001198212150484324","tonne"
"Plastic waste for treatment: incineration","0.001231861999258399","tonne"
"Plastic waste for treatment: incineration","0.001366161624900997","tonne"
"Plastic waste for treatment: incineration","0.001590127474628389","tonne"
"Plastic waste for treatment: incineration","0.005127349868416786","tonne"
"Plastic waste for treatment: incineration","0.007003400474786758","tonne"
"Plastic waste for treatment: incineration","0.008520037867128849","tonne"
"Plastic waste for treatment: incineration","0.009771320968866348","tonne"
"Plastic waste for treatment: incineration","0.009954147972166538","tonne"
"Plastic waste for treatment: incineration","0.01936535537242889","tonne"
"Plastic waste for treatment: incineration","0.03013748303055763","tonne"
"Plastic waste for treatment: incineration","0.03472838178277016","tonne"
"Plastic waste for treatment: incineration","0.03674212843179703","tonne"
"Plastic waste for treatment: incineration","0.04843233525753021","tonne"
"Plastic waste for treatment: incineration","0.05720499530434608","tonne"
"Plastic waste for treatment: incineration","0.05898778513073921","tonne"
"Plastic waste for treatment: incineration","0.08362472802400589","tonne"
"Plastic waste for treatment: incineration","0.1279738992452621","tonne"
"Plastic waste for treatment: incineration","0.1612083613872528","tonne"
"Plastic waste for treatment: incineration","0.2606226205825806","tonne"
"Plastic waste for treatment: incineration","0.298374354839325","tonne"
"Plastic waste for treatment: incineration","1.282204151153564","tonne"
"Plastic waste for treatment: incineration","4.992550728388778e-08","tonne"
"Plastic waste for treatment: incineration","6.011592388153076","tonne"
"Plastic waste for treatment: incineration","7.189273219410097e-06","tonne"
"Plastic waste for treatment: landfill","0.0003145307127851993","tonne"
"Plastic waste for treatment: landfill","0.001841252786107361","tonne"
"Plastic waste for treatment: landfill","0.0110777709633112","tonne"
"Plastic waste for treatment: landfill","0.0807940736413002","tonne"
"Printed matter and recorded media (22)","0.0001103697723010555","tonne"
"Printed matter and recorded media (22)","0.000118001778901089","tonne"
"Printed matter and recorded media (22)","0.0003053293621633202","tonne"
"Printed matter and recorded media (22)","0.0004699124838225543","tonne"
"Printed matter and recorded media (22)","0.0005344017408788204","tonne"
"Printed matter and recorded media (22)","0.0005764873931184411","tonne"
"Printed matter and recorded media (22)","0.0006604421650990844","tonne"
"Printed matter and recorded media (22)","0.0007041295757517219","tonne"
"Printed matter and recorded media (22)","0.0009138484019786119","tonne"
"Printed matter and recorded media (22)","0.0009535427088849247","tonne"
"Printed matter and recorded media (22)","0.001036471454426646","tonne"
"Printed matter and recorded media (22)","0.001365607371553779","tonne"
"Printed matter and recorded media (22)","0.001672855345532298","tonne"
"Printed matter and recorded media (22)","0.001765961060300469","tonne"
"Printed matter and recorded media (22)","0.002029144903644919","tonne"
"Printed matter and recorded media (22)","0.004333647899329662","tonne"
"Printed matter and recorded media (22)","0.004627619870007038","tonne"
"Printed matter and recorded media (22)","0.005934043787419796","tonne"
"Printed matter and recorded media (22)","0.006332851946353912","tonne"
"Printed matter and recorded media (22)","0.006487698759883642","tonne"
"Printed matter and recorded media (22)","0.006888714618980885","tonne"
"Printed matter and recorded media (22)","0.007515180855989456","tonne"
"Printed matter and recorded media (22)","0.009665606543421745","tonne"
"Printed matter and recorded media (22)","0.009779350832104683","tonne"
"Printed matter and recorded media (22)","0.009979416616261005","tonne"
"Printed matter and recorded media (22)","0.011184087023139","tonne"
"Printed matter and recorded media (22)","0.01214553415775299","tonne"
"Printed matter and recorded media (22)","0.0171310119330883","tonne"
"Printed matter and recorded media (22)","0.01790717989206314","tonne"
"Printed matter and recorded media (22)","0.01943222619593143","tonne"
"Printed matter and recorded media (22)","0.02111740596592426","tonne"
"Printed matter and recorded media (22)","0.02545726113021374","tonne"
"Printed matter and recorded media (22)","0.02872492372989655","tonne"
"Printed matter and recorded media (22)","0.02886350080370903","tonne"
"Printed matter and recorded media (22)","0.03451063483953476","tonne"
"Printed matter and recorded media (22)","0.0856156051158905","tonne"
"Printed matter and recorded media (22)","0.1116532310843468","tonne"
"Printed matter and recorded media (22)","0.1180224195122719","tonne"
"Printed matter and recorded media (22)","0.1675212830305099","tonne"
"Printed matter and recorded media (22)","0.2549856901168823","tonne"
"Printed matter and recorded media (22)","1.165157664217986e-05","tonne"
"Printed matter and recorded media (22)","3.528422166709788e-05","tonne"
"Printed matter and recorded media (22)","4.246009484631941e-05","tonne"
"Printed matter and recorded media (22)","4.633613934856839e-05","tonne"
"Printed matter and recorded media (22)","5.023799076298019e-06","tonne"
"Printed matter and recorded media (22)","6.385271072387695","tonne"
"Printed matter and recorded media (22)","7.337696297327057e-05","tonne"
"Printed matter and recorded media (22)","9.61053683568025e-06","tonne"
"Radio; television and communication equipment and apparatus (32)","0.001140667125582695","tonne"
"Radio; television and communication equipment and apparatus (32)","0.001165635767392814","tonne"
"Radio; television and communication equipment and apparatus (32)","0.001507619395852089","tonne"
"Radio; television and communication equipment and apparatus (32)","0.003315843176096678","tonne"
"Radio; television and communication equipment and apparatus (32)","0.004249217920005322","tonne"
"Radio; television and communication equipment and apparatus (32)","0.006735646165907383","tonne"
"Radio; television and communication equipment and apparatus (32)","0.01139858365058899","tonne"
"Radio; television and communication equipment and apparatus (32)","0.01283646561205387","tonne"
"Radio; television and communication equipment and apparatus (32)","0.03247030824422836","tonne"
"Radio; television and communication equipment and apparatus (32)","0.03488493710756302","tonne"
"Radio; television and communication equipment and apparatus (32)","0.03536076843738556","tonne"
"Radio; television and communication equipment and apparatus (32)","0.04031837359070778","tonne"
"Radio; television and communication equipment and apparatus (32)","0.05247256904840469","tonne"
"Radio; television and communication equipment and apparatus (32)","0.05808686092495918","tonne"
"Radio; television and communication equipment and apparatus (32)","0.07153225690126419","tonne"
"Radio; television and communication equipment and apparatus (32)","0.07433503121137619","tonne"
"Radio; television and communication equipment and apparatus (32)","0.08187318593263626","tonne"
"Radio; television and communication equipment and apparatus (32)","0.09017226099967957","tonne"
"Radio; television and communication equipment and apparatus (32)","0.09045767039060593","tonne"
"Radio; television and communication equipment and apparatus (32)","0.0927160307765007","tonne"
"Radio; television and communication equipment and apparatus (32)","0.1164861097931862","tonne"
"Radio; television and communication equipment and apparatus (32)","0.1391418725252151","tonne"
"Radio; television and communication equipment and apparatus (32)","0.1482034474611282","tonne"
"Radio; television and communication equipment and apparatus (32)","0.1713126301765442","tonne"
"Radio; television and communication equipment and apparatus (32)","0.1859173625707626","tonne"
"Radio; television and communication equipment and apparatus (32)","0.3097476363182068","tonne"
"Radio; television and communication equipment and apparatus (32)","0.3146650195121765","tonne"
"Radio; television and communication equipment and apparatus (32)","0.3201037645339966","tonne"
"Radio; television and communication equipment and apparatus (32)","0.4315752983093262","tonne"
"Radio; television and communication equipment and apparatus (32)","0.4543560147285461","tonne"
"Radio; television and communication equipment and apparatus (32)","0.5114758610725403","tonne"
"Radio; television and communication equipment and apparatus (32)","0.5683158040046692","tonne"
"Radio; television and communication equipment and apparatus (32)","0.585684061050415","tonne"
"Radio; television and communication equipment and apparatus (32)","0.6159709095954895","tonne"
"Radio; television and communication equipment and apparatus (32)","0.7388687133789062","tonne"
"Radio; television and communication equipment and apparatus (32)","0.7933690547943115","tonne"
"Radio; television and communication equipment and apparatus (32)","0.8432325720787048","tonne"
"Radio; television and communication equipment and apparatus (32)","1.067274928092957","tonne"
"Radio; television and communication equipment and apparatus (32)","1.096389293670654","tonne"
"Radio; television and communication equipment and apparatus (32)","18.01114082336426","tonne"
"Radio; television and communication equipment and apparatus (32)","2.238765239715576","tonne"
"Radio; television and communication equipment and apparatus (32)","2.424052476882935","tonne"
"Radio; television and communication equipment and apparatus (32)","3.10964878735831e-06","tonne"
"Radio; television and communication equipment and apparatus (32)","4.957064628601074","tonne"
"Radio; television and communication equipment and apparatus (32)","6.06970934313722e-05","tonne"
"Radio; television and communication equipment and apparatus (32)","7.247532844543457","tonne"
"Radio; television and communication equipment and apparatus (32)","9.918173789978027","tonne"
"Rubber and plastic products (25)","0.0001446223468519747","tonne"
"Rubber and plastic products (25)","0.0004298757412470877","tonne"
"Rubber and plastic products (25)","0.001967309275642037","tonne"
"Rubber and plastic products (25)","0.004101107828319073","tonne"
"Rubber and plastic products (25)","0.00643580500036478","tonne"
"Rubber and plastic products (25)","0.008897191844880581","tonne"
"Rubber and plastic products (25)","0.02002977579832077","tonne"
"Rubber and plastic products (25)","0.02782514877617359","tonne"
"Rubber and plastic products (25)","0.03622498735785484","tonne"
"Rubber and plastic products (25)","0.04032469913363457","tonne"
"Rubber and plastic products (25)","0.07711306214332581","tonne"
"Rubber and plastic products (25)","0.08290084451436996","tonne"
"Rubber and plastic products (25)","0.08405927568674088","tonne"
"Rubber and plastic products (25)","0.0921957790851593","tonne"
"Rubber and plastic products (25)","0.09764215350151062","tonne"
"Rubber and plastic products (25)","0.1267122775316238","tonne"
"Rubber and plastic products (25)","0.1475463956594467","tonne"
"Rubber and plastic products (25)","0.2113655358552933","tonne"
"Rubber and plastic products (25)","0.2278094738721848","tonne"
"Rubber and plastic products (25)","0.2501770555973053","tonne"
"Rubber and plastic products (25)","0.2837016582489014","tonne"
"Rubber and plastic products (25)","0.2860089242458344","tonne"
"Rubber and plastic products (25)","0.286180704832077","tonne"
"Rubber and plastic products (25)","0.3111671209335327","tonne"
"Rubber and plastic products (25)","0.3604983985424042","tonne"
"Rubber and plastic products (25)","0.4006437361240387","tonne"
"Rubber and plastic products (25)","0.4195258021354675","tonne"
"Rubber and plastic products (25)","0.4285171926021576","tonne"
"Rubber and plastic products (25)","0.4728399813175201","tonne"
"Rubber and plastic products (25)","0.5096873641014099","tonne"
"Rubber and plastic products (25)","0.8047905564308167","tonne"
"Rubber and plastic products (25)","0.9119014143943787","tonne"
"Rubber and plastic products (25)","0.965726375579834","tonne"
"Rubber and plastic products (25)","1.004992961883545","tonne"
"Rubber and plastic products (25)","1.321138501167297","tonne"
"Rubber and plastic products (25)","1.32152247428894","tonne"
"Rubber and plastic products (25)","1.360148191452026","tonne"
"Rubber and plastic products (25)","10.09011554718018","tonne"
"Rubber and plastic products (25)","10.87662601470947","tonne"
"Rubber and plastic products (25)","15.93624496459961","tonne"
"Rubber and plastic products (25)","2.25408935546875","tonne"
"Rubber and plastic products (25)","2.732924699783325","tonne"
"Rubber and plastic products (25)","27.35005378723145","tonne"
"Rubber and plastic products (25)","3.535403966903687","tonne"
"Rubber and plastic products (25)","3.826628684997559","tonne"
"Rubber and plastic products (25)","4.033315181732178","tonne"
"Rubber and plastic products (25)","5.097757339477539","tonne"
"Rubber and plastic products (25)","6.14754056930542","tonne"
"SOx","852.83544921875","tonne"
"Sand and clay","0.007262132130563259","tonne"
"Sand and clay","0.01731705851852894","tonne"
"Sand and clay","0.02157583460211754","tonne"
"Sand and clay","0.02544431015849113","tonne"
"Sand and clay","0.03360912203788757","tonne"
"Sand and clay","0.05683929473161697","tonne"
"Sand and clay","0.06130359694361687","tonne"
"Sand and clay","0.09560274332761765","tonne"
"Sand and clay","0.1439318060874939","tonne"
"Sand and clay","0.2878364622592926","tonne"
"Sand and clay","0.3322164118289948","tonne"
"Sand and clay","0.4500703513622284","tonne"
"Sand and clay","0.4878316521644592","tonne"
"Sand and clay","0.4969163835048676","tonne"
"Sand and clay","0.8213304281234741","tonne"
"Sand and clay","0.8694866895675659","tonne"
"Sand and clay","1.380016088485718","tonne"
"Sand and clay","1.421007752418518","tonne"
"Sand and clay","10.09487152099609","tonne"
"Sand and clay","15.83169746398926","tonne"
"Sand and clay","2.074561834335327","tonne"
"Sand and clay","2.612796545028687","tonne"
"Sand and clay","21.12094497680664","tonne"
"Sand and clay","3.291324377059937","tonne"
"Sand and clay","32.12473297119141","tonne"
"Sand and clay","4795.974609375","tonne"
"Sand and clay","5.29833459854126","tonne"
"Sand and clay","5.786813735961914","tonne"
"Sand and clay","56.79712295532227","tonne"
"Sand and clay","6.202658653259277","tonne"
"Sand and clay","71.45438385009766","tonne"
"Se","0.002017764840275049","tonne"
"Secondary aluminium for treatment; Re-processing of secondary aluminium into new aluminium","0.0001388180971844122","tonne"
"Secondary aluminium for treatment; Re-processing of secondary aluminium into new aluminium","0.0001873532746685669","tonne"
"Secondary aluminium for treatment; Re-processing of secondary aluminium into new aluminium","0.0003456601698417217","tonne"
"Secondary aluminium for treatment; Re-processing of secondary aluminium into new aluminium","0.0003628615522757173","tonne"
"Secondary aluminium for treatment; Re-processing of secondary aluminium into new aluminium","0.0004384593339636922","tonne"
"Secondary aluminium for treatment; Re-processing of secondary aluminium into new aluminium","0.000572291377466172","tonne"
"Secondary aluminium for treatment; Re-processing of secondary aluminium into new aluminium","0.0005846674903295934","tonne"
"Secondary aluminium for treatment; Re-processing of secondary aluminium into new aluminium","0.0007817667792551219","tonne"
"Secondary aluminium for treatment; Re-processing of secondary aluminium into new aluminium","0.001093167113140225","tonne"
"Secondary aluminium for treatment; Re-processing of secondary aluminium into new aluminium","0.001990363467484713","tonne"
"Secondary aluminium for treatment; Re-processing of secondary aluminium into new aluminium","0.007002181839197874","tonne"
"Secondary aluminium for treatment; Re-processing of secondary aluminium into new aluminium","0.00712085934355855","tonne"
"Secondary aluminium for treatment; Re-processing of secondary aluminium into new aluminium","0.009736830368638039","tonne"
"Secondary aluminium for treatment; Re-processing of secondary aluminium into new aluminium","0.01933868043124676","tonne"
"Secondary aluminium for treatment; Re-processing of secondary aluminium into new aluminium","0.03900956735014915","tonne"
"Secondary aluminium for treatment; Re-processing of secondary aluminium into new aluminium","0.08419653028249741","tonne"
"Secondary aluminium for treatment; Re-processing of secondary aluminium into new aluminium","1.00684616199942e-08","tonne"
"Secondary aluminium for treatment; Re-processing of secondary aluminium into new aluminium","1.409584569955769e-06","tonne"
"Secondary aluminium for treatment; Re-processing of secondary aluminium into new aluminium","2.36922442127252e-05","tonne"
"Secondary aluminium for treatment; Re-processing of secondary aluminium into new aluminium","8.85185509105213e-05","tonne"
"Secondary aluminium for treatment; Re-processing of secondary aluminium into new aluminium","9.93938374449499e-05","tonne"
"Secondary construction material for treatment; Re-processing of secondary construction material into aggregates","1.425948858261108","tonne"
"Secondary copper for treatment; Re-processing of secondary copper into new copper","0.0001634691143408418","tonne"
"Secondary copper for treatment; Re-processing of secondary copper into new copper","0.0004428194079082459","tonne"
"Secondary copper for treatment; Re-processing of secondary copper into new copper","0.0008116416865959764","tonne"
"Secondary copper for treatment; Re-processing of secondary copper into new copper","0.003924129065126181","tonne"
"Secondary copper for treatment; Re-processing of secondary copper into new copper","0.00646995659917593","tonne"
"Secondary copper for treatment; Re-processing of secondary copper into new copper","0.01201723050326109","tonne"
"Secondary copper for treatment; Re-processing of secondary copper into new copper","0.04949802160263062","tonne"
"Secondary copper for treatment; Re-processing of secondary copper into new copper","1.275429752922719e-07","tonne"
"Secondary copper for treatment; Re-processing of secondary copper into new copper","1.295810403423303e-10","tonne"
"Secondary copper for treatment; Re-processing of secondary copper into new copper","1.416812779098109e-06","tonne"
"Secondary copper for treatment; Re-processing of secondary copper into new copper","1.431908231097623e-06","tonne"
"Secondary copper for treatment; Re-processing of secondary copper into new copper","1.546604835311882e-07","tonne"
"Secondary copper for treatment; Re-processing of secondary copper into new copper","2.2776965124649e-05","tonne"
"Secondary copper for treatment; Re-processing of secondary copper into new copper","2.564367605373263e-06","tonne"
"Secondary copper for treatment; Re-processing of secondary copper into new copper","3.242605089326389e-05","tonne"
"Secondary copper for treatment; Re-processing of secondary copper into new copper","3.32870833119614e-08","tonne"
"Secondary copper for treatment; Re-processing of secondary copper into new copper","3.562837207482517e-07","tonne"
"Secondary copper for treatment; Re-processing of secondary copper into new copper","3.736199118975492e-07","tonne"
"Secondary copper for treatment; Re-processing of secondary copper into new copper","4.755661962008162e-07","tonne"
"Secondary copper for treatment; Re-processing of secondary copper into new copper","5.258035074007239e-08","tonne"
"Secondary copper for treatment; Re-processing of secondary copper into new copper","5.842524842591956e-05","tonne"
"Secondary copper for treatment; Re-processing of secondary copper into new copper","6.068200377740141e-07","tonne"
"Secondary copper for treatment; Re-processing of secondary copper into new copper","6.326782653331975e-09","tonne"
"Secondary copper for treatment; Re-processing of secondary copper into new copper","6.966069577174494e-06","tonne"
"Secondary copper for treatment; Re-processing of secondary copper into new copper","7.366907084360719e-07","tonne"
"Secondary copper for treatment; Re-processing of secondary copper into new copper","7.518493561065043e-08","tonne"
"Secondary copper for treatment; Re-processing of secondary copper into new copper","7.970844308147207e-05","tonne"
"Secondary copper for treatment; Re-processing of secondary copper into new copper","9.734009864814652e-08","tonne"
"Secondary glass for treatment; Re-processing of secondary glass into new glass","21.30510520935059","tonne"
"Secondary lead for treatment; Re-processing of secondary lead into new lead","0.0005138261476531625","tonne"
"Secondary lead for treatment; Re-processing of secondary lead into new lead","0.0007218833197839558","tonne"
"Secondary lead for treatment; Re-processing of secondary lead into new lead","0.0007402169285342097","tonne"
"Secondary lead for treatment; Re-processing of secondary lead into new lead","0.0008831193554215133","tonne"
"Secondary lead for treatment; Re-processing of secondary lead into new lead","0.002173243556171656","tonne"
"Secondary lead for treatment; Re-processing of secondary lead into new lead","0.01441893540322781","tonne"
"Secondary other non-ferrous metals for treatment; Re-processing of secondary other non-ferrous metals into new other non-ferrous metals","0.0001268237974727526","tonne"
"Secondary other non-ferrous metals for treatment; Re-processing of secondary other non-ferrous metals into new other non-ferrous metals","0.000238176726270467","tonne"
"Secondary other non-ferrous metals for treatment; Re-processing of secondary other non-ferrous metals into new other non-ferrous metals","0.0003999605251010507","tonne"
"Secondary other non-ferrous metals for treatment; Re-processing of secondary other non-ferrous metals into new other non-ferrous metals","0.005224357359111309","tonne"
"Secondary other non-ferrous metals for treatment; Re-processing of secondary other non-ferrous metals into new other non-ferrous metals","1.9693792637554e-05","tonne"
"Secondary other non-ferrous metals for treatment; Re-processing of secondary other non-ferrous metals into new other non-ferrous metals","2.595360456325579e-05","tonne"
"Secondary other non-ferrous metals for treatment; Re-processing of secondary other non-ferrous metals into new other non-ferrous metals","4.609754250850528e-05","tonne"
"Secondary paper for treatment; Re-processing of secondary paper into new pulp","0.0001327780773863196","tonne"
"Secondary paper for treatment; Re-processing of secondary paper into new pulp","0.0001534234470454976","tonne"
"Secondary paper for treatment; Re-processing of secondary paper into new pulp","0.0003858954878523946","tonne"
"Secondary paper for treatment; Re-processing of secondary paper into new pulp","0.001729552168399096","tonne"
"Secondary paper for treatment; Re-processing of secondary paper into new pulp","0.004371850751340389","tonne"
"Secondary paper for treatment; Re-processing of secondary paper into new pulp","0.01177669409662485","tonne"
"Secondary paper for treatment; Re-processing of secondary paper into new pulp","0.4981524646282196","tonne"
"Secondary paper for treatment; Re-processing of secondary paper into new pulp","0.6304687261581421","tonne"
"Secondary paper for treatment; Re-processing of secondary paper into new pulp","4.114017486572266","tonne"
"Secondary paper for treatment; Re-processing of secondary paper into new pulp","6.624183157555308e-08","tonne"
"Secondary paper for treatment; Re-processing of secondary paper into new pulp","9.663946912041865e-06","tonne"
"Secondary plastic for treatment; Re-processing of secondary plastic into new plastic","0.0002096871321555227","tonne"
"Secondary plastic for treatment; Re-processing of secondary plastic into new plastic","0.000798808119725436","tonne"
"Secondary plastic for treatment; Re-processing of secondary plastic into new plastic","0.0008212412940338254","tonne"
"Secondary plastic for treatment; Re-processing of secondary plastic into new plastic","0.0009107743971981108","tonne"
"Secondary plastic for treatment; Re-processing of secondary plastic into new plastic","0.001060084905475378","tonne"
"Secondary plastic for treatment; Re-processing of secondary plastic into new plastic","0.001227501779794693","tonne"
"Secondary plastic for treatment; Re-processing of secondary plastic into new plastic","0.003418233012780547","tonne"
"Secondary plastic for treatment; Re-processing of secondary plastic into new plastic","0.004668933805078268","tonne"
"Secondary plastic for treatment; Re-processing of secondary plastic into new plastic","0.005680025089532137","tonne"
"Secondary plastic for treatment; Re-processing of secondary plastic into new plastic","0.006514213513582945","tonne"
"Secondary plastic for treatment; Re-processing of secondary plastic into new plastic","0.006636098492890596","tonne"
"Secondary plastic for treatment; Re-processing of secondary plastic into new plastic","0.007385180797427893","tonne"
"Secondary plastic for treatment; Re-processing of secondary plastic into new plastic","0.01291023753583431","tonne"
"Secondary plastic for treatment; Re-processing of secondary plastic into new plastic","0.02009165473282337","tonne"
"Secondary plastic for treatment; Re-processing of secondary plastic into new plastic","0.02315225452184677","tonne"
"Secondary plastic for treatment; Re-processing of secondary plastic into new plastic","0.02449475228786469","tonne"
"Secondary plastic for treatment; Re-processing of secondary plastic into new plastic","0.03228822350502014","tonne"
"Secondary plastic for treatment; Re-processing of secondary plastic into new plastic","0.03813666477799416","tonne"
"Secondary plastic for treatment; Re-processing of secondary plastic into new plastic","0.03932519257068634","tonne"
"Secondary plastic for treatment; Re-processing of secondary plastic into new plastic","0.05574981868267059","tonne"
"Secondary plastic for treatment; Re-processing of secondary plastic into new plastic","0.08531593531370163","tonne"
"Secondary plastic for treatment; Re-processing of secondary plastic into new plastic","0.1074722409248352","tonne"
"Secondary plastic for treatment; Re-processing of secondary plastic into new plastic","0.1737484186887741","tonne"
"Secondary plastic for treatment; Re-processing of secondary plastic into new plastic","0.1989162415266037","tonne"
"Secondary plastic for treatment; Re-processing of secondary plastic into new plastic","0.8548027276992798","tonne"
"Secondary plastic for treatment; Re-processing of secondary plastic into new plastic","3.328367270682975e-08","tonne"
"Secondary plastic for treatment; Re-processing of secondary plastic into new plastic","4.611198902130127","tonne"
"Secondary plastic for treatment; Re-processing of secondary plastic into new plastic","4.792848812940065e-06","tonne"
"Secondary preciuos metals for treatment; Re-processing of secondary preciuos metals into new preciuos metals","1.078907757801062e-06","tonne"
"Secondary preciuos metals for treatment; Re-processing of secondary preciuos metals into new preciuos metals","1.327649215454585e-06","tonne"
"Secondary preciuos metals for treatment; Re-processing of secondary preciuos metals into new preciuos metals","1.475845601817127e-05","tonne"
"Secondary preciuos metals for treatment; Re-processing of secondary preciuos metals into new preciuos metals","1.850296138528051e-09","tonne"
"Secondary preciuos metals for treatment; Re-processing of secondary preciuos metals into new preciuos metals","2.310403175442843e-07","tonne"
"Secondary preciuos metals for treatment; Re-processing of secondary preciuos metals into new preciuos metals","3.547017684013554e-07","tonne"
"Secondary preciuos metals for treatment; Re-processing of secondary preciuos metals into new preciuos metals","4.324142253153695e-07","tonne"
"Secondary preciuos metals for treatment; Re-processing of secondary preciuos metals into new preciuos metals","9.334127639704093e-07","tonne"
"Secondary steel for treatment; Re-processing of secondary steel into new steel","0.0001664609735598788","tonne"
"Secondary steel for treatment; Re-processing of secondary steel into new steel","0.000238129636272788","tonne"
"Secondary steel for treatment; Re-processing of secondary steel into new steel","0.0003305480058770627","tonne"
"Secondary steel for treatment; Re-processing of secondary steel into new steel","0.0005812935414724052","tonne"
"Secondary steel for treatment; Re-processing of secondary steel into new steel","0.0006259091314859688","tonne"
"Secondary steel for treatment; Re-processing of secondary steel into new steel","0.0008202674216590822","tonne"
"Secondary steel for treatment; Re-processing of secondary steel into new steel","0.0009301155223511159","tonne"
"Secondary steel for treatment; Re-processing of secondary steel into new steel","0.0009976932778954506","tonne"
"Secondary steel for treatment; Re-processing of secondary steel into new steel","0.001207307213917375","tonne"
"Secondary steel for treatment; Re-processing of secondary steel into new steel","0.00235222396440804","tonne"
"Secondary steel for treatment; Re-processing of secondary steel into new steel","0.007851839996874332","tonne"
"Secondary steel for treatment; Re-processing of secondary steel into new steel","0.01350922137498856","tonne"
"Secondary steel for treatment; Re-processing of secondary steel into new steel","1.183022901862785e-09","tonne"
"Secondary steel for treatment; Re-processing of secondary steel into new steel","1.338514543647307e-08","tonne"
"Secondary steel for treatment; Re-processing of secondary steel into new steel","1.516695991021777e-09","tonne"
"Secondary steel for treatment; Re-processing of secondary steel into new steel","1.682232547706164e-10","tonne"
"Secondary steel for treatment; Re-processing of secondary steel into new steel","1.69220566021977e-05","tonne"
"Secondary steel for treatment; Re-processing of secondary steel into new steel","1.932703996843088e-09","tonne"
"Secondary steel for treatment; Re-processing of secondary steel into new steel","1.941918162629008e-05","tonne"
"Secondary steel for treatment; Re-processing of secondary steel into new steel","3.045285666303243e-06","tonne"
"Secondary steel for treatment; Re-processing of secondary steel into new steel","3.212485353287775e-06","tonne"
"Secondary steel for treatment; Re-processing of secondary steel into new steel","3.899218654623837e-07","tonne"
"Secondary steel for treatment; Re-processing of secondary steel into new steel","4.035442543681711e-05","tonne"
"Secondary steel for treatment; Re-processing of secondary steel into new steel","6.373557237537852e-11","tonne"
"Secondary steel for treatment; Re-processing of secondary steel into new steel","7.594093744955899e-07","tonne"
"Stone","0.0004476752073969692","tonne"
"Stone","0.001168792368844151","tonne"
"Stone","0.005405974108725786","tonne"
"Stone","0.07253475487232208","tonne"
"Stone","0.07270140945911407","tonne"
"Stone","0.1161437556147575","tonne"
"Stone","0.1453783810138702","tonne"
"Stone","0.1898063123226166","tonne"
"Stone","0.2885510623455048","tonne"
"Stone","0.3722440302371979","tonne"
"Stone","0.3834609091281891","tonne"
"Stone","0.4965986013412476","tonne"
"Stone","0.8895992040634155","tonne"
"Stone","0.9011480808258057","tonne"
"Stone","1.106054067611694","tonne"
"Stone","1.589166283607483","tonne"
"Stone","1.648602724075317","tonne"
"Stone","11.3156566619873","tonne"
"Stone","16.99154281616211","tonne"
"Stone","2.124445199966431","tonne"
"Stone","2.444215536117554","tonne"
"Stone","2.94126033782959","tonne"
"Stone","3.842546939849854","tonne"
"Stone","467.2002258300781","tonne"
"Stone","7.099388599395752","tonne"
"Stone","7.396793365478516","tonne"
"Stone","8.864224433898926","tonne"
"Stone","97.03931427001953","tonne"
"TSP (total suspended particulate)","303.8847961425781","tonne"
"Textiles waste for treatment: incineration","1.179456376121379e-06","tonne"
"Textiles waste for treatment: landfill","1.585159914441192e-08","tonne"
"Wheat","4106350","tonne"
"Wood and products of wood and cork (except furniture); articles of straw and plaiting materials (20)","1.01816351616435e-06","tonne"
"Wood and products of wood and cork (except furniture); articles of straw and plaiting materials (20)","1.131290719058597e-05","tonne"
"Wood and products of wood and cork (except furniture); articles of straw and plaiting materials (20)","1.222400783262856e-06","tonne"
"Wood and products of wood and cork (except furniture); articles of straw and plaiting materials (20)","1.583485527589801e-06","tonne"
"Wood and products of wood and cork (except furniture); articles of straw and plaiting materials (20)","1.831016334108426e-06","tonne"
"Wood and products of wood and cork (except furniture); articles of straw and plaiting materials (20)","2.044627990471781e-06","tonne"
"Wood and products of wood and cork (except furniture); articles of straw and plaiting materials (20)","2.142271114280447e-05","tonne"
"Wood and products of wood and cork (except furniture); articles of straw and plaiting materials (20)","2.190745362895541e-06","tonne"
"Wood and products of wood and cork (except furniture); articles of straw and plaiting materials (20)","2.282483546878211e-05","tonne"
"Wood and products of wood and cork (except furniture); articles of straw and plaiting materials (20)","2.688586027943529e-05","tonne"
"Wood and products of wood and cork (except furniture); articles of straw and plaiting materials (20)","2.796033868435188e-06","tonne"
"Wood and products of wood and cork (except furniture); articles of straw and plaiting materials (20)","4.083302428625757e-06","tonne"
"Wood and products of wood and cork (except furniture); articles of straw and plaiting materials (20)","4.809089205082273e-06","tonne"
"Wood and products of wood and cork (except furniture); articles of straw and plaiting materials (20)","5.390357910073362e-05","tonne"
"Wood and products of wood and cork (except furniture); articles of straw and plaiting materials (20)","6.262972874537809e-06","tonne"
"Wood and products of wood and cork (except furniture); articles of straw and plaiting materials (20)","6.665155979135307e-06","tonne"
"Wood and products of wood and cork (except furniture); articles of straw and plaiting materials (20)","9.56905660132179e-06","tonne"
"Wood material for treatment; Re-processing of secondary wood material into new wood material","0.05024583637714386","tonne"
"Wood waste for treatment: incineration","0.07263509184122086","tonne"
"Wood waste for treatment: landfill","0.0009761973633430898","tonne"
"Zn","0.2475493103265762","tonne"
"other emissions","76948.8125","tonne"
